Village/Taluka,Soil Type,pH,Nutrient/Contamination Value
Bhiwandi (Thane),Coastal Alluvial & Lateritic,6.0-7.5,"High Salinity risk, Moderate Phosphorus & Potash"
Kalyan (Thane),Coastal Alluvial & Lateritic,6.0-7.5,"High Salinity risk, Moderate Phosphorus & Potash"
Murbad (Thane),Coastal Alluvial & Lateritic,6.0-7.5,"High Salinity risk, Moderate Phosphorus & Potash"
Shahapur (Thane),Coastal Alluvial & Lateritic,6.0-7.5,"High Salinity risk, Moderate Phosphorus & Potash"
Thane (Thane),Coastal Alluvial & Lateritic,6.0-7.5,"High Salinity risk, Moderate Phosphorus & Potash"
Ulhasnagar (Thane),Coastal Alluvial & Lateritic,6.0-7.5,"High Salinity risk, Moderate Phosphorus & Potash"
Ambernath (Thane),Coastal Alluvial & Lateritic,6.0-7.5,"High Salinity risk, Moderate Phosphorus & Potash"
Dahanu (Palghar),Coastal Alluvial & Saline,6.0-7.5,"High Salinity risk, Moderate Phosphorus & Potash"
Jawhar (Palghar),Coastal Alluvial & Saline,6.0-7.5,"High Salinity risk, Moderate Phosphorus & Potash"
Palghar (Palghar),Coastal Alluvial & Saline,6.0-7.5,"High Salinity risk, Moderate Phosphorus & Potash"
Vasai (Palghar),Coastal Alluvial & Saline,6.0-7.5,"High Salinity risk, Moderate Phosphorus & Potash"
Wada (Palghar),Coastal Alluvial & Saline,6.0-7.5,"High Salinity risk, Moderate Phosphorus & Potash"
Talasari (Palghar),Coastal Alluvial & Saline,6.0-7.5,"High Salinity risk, Moderate Phosphorus & Potash"
Vikramgad (Palghar),Coastal Alluvial & Saline,6.0-7.5,"High Salinity risk, Moderate Phosphorus & Potash"
Mokhada (Palghar),Coastal Alluvial & Saline,6.0-7.5,"High Salinity risk, Moderate Phosphorus & Potash"
Alibag (Raigad),Laterite & Coastal Clay,5.5-6.5,"Low Nitrogen & Phosphorus, High Organic Matter, Low Potash"
Karjat (Raigad),Laterite & Coastal Clay,5.5-6.5,"Low Nitrogen & Phosphorus, High Organic Matter, Low Potash"
Khalapur (Raigad),Laterite & Coastal Clay,5.5-6.5,"Low Nitrogen & Phosphorus, High Organic Matter, Low Potash"
Mahad (Raigad),Laterite & Coastal Clay,5.5-6.5,"Low Nitrogen & Phosphorus, High Organic Matter, Low Potash"
Mangaon (Raigad),Laterite & Coastal Clay,5.5-6.5,"Low Nitrogen & Phosphorus, High Organic Matter, Low Potash"
Panvel (Raigad),Laterite & Coastal Clay,5.5-6.5,"Low Nitrogen & Phosphorus, High Organic Matter, Low Potash"
Pen (Raigad),Laterite & Coastal Clay,5.5-6.5,"Low Nitrogen & Phosphorus, High Organic Matter, Low Potash"
Poladpur (Raigad),Laterite & Coastal Clay,5.5-6.5,"Low Nitrogen & Phosphorus, High Organic Matter, Low Potash"
Roha (Raigad),Laterite & Coastal Clay,5.5-6.5,"Low Nitrogen & Phosphorus, High Organic Matter, Low Potash"
Shrivardhan (Raigad),Laterite & Coastal Clay,5.5-6.5,"Low Nitrogen & Phosphorus, High Organic Matter, Low Potash"
Chiplun (Ratnagiri),Laterite,5.5-6.5,"Low Nitrogen & Phosphorus, High Organic Matter, Low Potash"
Dapoli (Ratnagiri),Laterite,5.5-6.5,"Low Nitrogen & Phosphorus, High Organic Matter, Low Potash"
Guhagar (Ratnagiri),Laterite,5.5-6.5,"Low Nitrogen & Phosphorus, High Organic Matter, Low Potash"
Khed (Ratnagiri),Laterite,5.5-6.5,"Low Nitrogen & Phosphorus, High Organic Matter, Low Potash"
Lanja (Ratnagiri),Laterite,5.5-6.5,"Low Nitrogen & Phosphorus, High Organic Matter, Low Potash"
Mandangad (Ratnagiri),Laterite,5.5-6.5,"Low Nitrogen & Phosphorus, High Organic Matter, Low Potash"
Rajapur (Ratnagiri),Laterite,5.5-6.5,"Low Nitrogen & Phosphorus, High Organic Matter, Low Potash"
Ratnagiri (Ratnagiri),Laterite,5.5-6.5,"Low Nitrogen & Phosphorus, High Organic Matter, Low Potash"
Sangameshwar (Ratnagiri),Laterite,5.5-6.5,"Low Nitrogen & Phosphorus, High Organic Matter, Low Potash"
Devgad (Sindhudurg),Laterite,5.5-6.5,"Low Nitrogen & Phosphorus, High Organic Matter, Low Potash"
Dodamarg (Sindhudurg),Laterite,5.5-6.5,"Low Nitrogen & Phosphorus, High Organic Matter, Low Potash"
Kankavli (Sindhudurg),Laterite,5.5-6.5,"Low Nitrogen & Phosphorus, High Organic Matter, Low Potash"
Kudal (Sindhudurg),Laterite,5.5-6.5,"Low Nitrogen & Phosphorus, High Organic Matter, Low Potash"
Malvan (Sindhudurg),Laterite,5.5-6.5,"Low Nitrogen & Phosphorus, High Organic Matter, Low Potash"
Sawantwadi (Sindhudurg),Laterite,5.5-6.5,"Low Nitrogen & Phosphorus, High Organic Matter, Low Potash"
Vaibhavwadi (Sindhudurg),Laterite,5.5-6.5,"Low Nitrogen & Phosphorus, High Organic Matter, Low Potash"
Vengurla (Sindhudurg),Laterite,5.5-6.5,"Low Nitrogen & Phosphorus, High Organic Matter, Low Potash"
Ambegaon (Pune),Medium Black (Vertisol) to Red Soil in Ghats,6.5-8.5,"Generally fertile, low N & P"
Baramati (Pune),Medium Black (Vertisol) to Red Soil in Ghats,6.5-8.5,"Generally fertile, low N & P"
Bhor (Pune),Medium Black (Vertisol) to Red Soil in Ghats,6.5-8.5,"Generally fertile, low N & P"
Daund (Pune),Medium Black (Vertisol) to Red Soil in Ghats,6.5-8.5,"Generally fertile, low N & P"
Haveli (Pune),Medium Black (Vertisol) to Red Soil in Ghats,6.5-8.5,"Generally fertile, low N & P"
Indapur (Pune),Medium Black (Vertisol) to Red Soil in Ghats,6.5-8.5,"Generally fertile, low N & P"
Junnar (Pune),Medium Black (Vertisol) to Red Soil in Ghats,6.5-8.5,"Generally fertile, low N & P"
Khed (Pune),Medium Black (Vertisol) to Red Soil in Ghats,6.5-8.5,"Generally fertile, low N & P"
Maval (Pune),Medium Black (Vertisol) to Red Soil in Ghats,6.5-8.5,"Generally fertile, low N & P"
Mulshi (Pune),Medium Black (Vertisol) to Red Soil in Ghats,6.5-8.5,"Generally fertile, low N & P"
Purandar (Pune),Medium Black (Vertisol) to Red Soil in Ghats,6.5-8.5,"Generally fertile, low N & P"
Shirur (Pune),Medium Black (Vertisol) to Red Soil in Ghats,6.5-8.5,"Generally fertile, low N & P"
Velhe (Pune),Medium Black (Vertisol) to Red Soil in Ghats,6.5-8.5,"Generally fertile, low N & P"
Jaoli (Satara),Medium Black / Red Hill Soil,6.5-8.5,"Generally fertile, low N & P"
Karad (Satara),Medium Black / Red Hill Soil,6.5-8.5,"Generally fertile, low N & P"
Khandala (Satara),Medium Black / Red Hill Soil,6.5-8.5,"Generally fertile, low N & P"
Khatav (Satara),Medium Black / Red Hill Soil,6.5-8.5,"Generally fertile, low N & P"
Koregaon (Satara),Medium Black / Red Hill Soil,6.5-8.5,"Generally fertile, low N & P"
Mahabaleshwar (Satara),Medium Black / Red Hill Soil,6.5-8.5,"Generally fertile, low N & P"
Man (Satara),Medium Black / Red Hill Soil,6.5-8.5,"Generally fertile, low N & P"
Patan (Satara),Medium Black / Red Hill Soil,6.5-8.5,"Generally fertile, low N & P"
Phaltan (Satara),Medium Black / Red Hill Soil,6.5-8.5,"Generally fertile, low N & P"
Satara (Satara),Medium Black / Red Hill Soil,6.5-8.5,"Generally fertile, low N & P"
Wai (Satara),Medium Black / Red Hill Soil,6.5-8.5,"Generally fertile, low N & P"
Atpadi (Sangli),Medium to Deep Black,7.5-8.5,"High Calcium Carbonates, Rich in Potassium, Deficient in Zinc & N"
Jat (Sangli),Medium to Deep Black,7.5-8.5,"High Calcium Carbonates, Rich in Potassium, Deficient in Zinc & N"
Kadegaon (Sangli),Medium to Deep Black,7.5-8.5,"High Calcium Carbonates, Rich in Potassium, Deficient in Zinc & N"
Kavathe Mahankal (Sangli),Medium to Deep Black,7.5-8.5,"High Calcium Carbonates, Rich in Potassium, Deficient in Zinc & N"
Khanapur (Sangli),Medium to Deep Black,7.5-8.5,"High Calcium Carbonates, Rich in Potassium, Deficient in Zinc & N"
Miraj (Sangli),Medium to Deep Black,7.5-8.5,"High Calcium Carbonates, Rich in Potassium, Deficient in Zinc & N"
Palus (Sangli),Medium to Deep Black,7.5-8.5,"High Calcium Carbonates, Rich in Potassium, Deficient in Zinc & N"
Shirala (Sangli),Medium to Deep Black,7.5-8.5,"High Calcium Carbonates, Rich in Potassium, Deficient in Zinc & N"
Tasgaon (Sangli),Medium to Deep Black,7.5-8.5,"High Calcium Carbonates, Rich in Potassium, Deficient in Zinc & N"
Walwa (Sangli),Medium to Deep Black,7.5-8.5,"High Calcium Carbonates, Rich in Potassium, Deficient in Zinc & N"
Akkalkot (Solapur),Medium to Shallow Black (Calcareous),7.0-8.5,"High lime reserve, Low Nitrogen, Moderate Potassium"
Barshi (Solapur),Medium to Shallow Black (Calcareous),7.0-8.5,"High lime reserve, Low Nitrogen, Moderate Potassium"
Karmala (Solapur),Medium to Shallow Black (Calcareous),7.0-8.5,"High lime reserve, Low Nitrogen, Moderate Potassium"
Madha (Solapur),Medium to Shallow Black (Calcareous),7.0-8.5,"High lime reserve, Low Nitrogen, Moderate Potassium"
Malshiras (Solapur),Medium to Shallow Black (Calcareous),7.0-8.5,"High lime reserve, Low Nitrogen, Moderate Potassium"
Mangalwedha (Solapur),Medium to Shallow Black (Calcareous),7.0-8.5,"High lime reserve, Low Nitrogen, Moderate Potassium"
Mohol (Solapur),Medium to Shallow Black (Calcareous),7.0-8.5,"High lime reserve, Low Nitrogen, Moderate Potassium"
Pandharpur (Solapur),Medium to Shallow Black (Calcareous),7.0-8.5,"High lime reserve, Low Nitrogen, Moderate Potassium"
Sangola (Solapur),Medium to Shallow Black (Calcareous),7.0-8.5,"High lime reserve, Low Nitrogen, Moderate Potassium"
Solapur North (Solapur),Medium to Shallow Black (Calcareous),7.0-8.5,"High lime reserve, Low Nitrogen, Moderate Potassium"
Solapur South (Solapur),Medium to Shallow Black (Calcareous),7.0-8.5,"High lime reserve, Low Nitrogen, Moderate Potassium"
Ajara (Kolhapur),Lateritic / Alluvial Transition,6.5-8.5,"Generally fertile, low N & P"
Bavda (Kolhapur),Lateritic / Alluvial Transition,6.5-8.5,"Generally fertile, low N & P"
Bhudargad (Kolhapur),Lateritic / Alluvial Transition,6.5-8.5,"Generally fertile, low N & P"
Chandgad (Kolhapur),Lateritic / Alluvial Transition,6.5-8.5,"Generally fertile, low N & P"
Gadhinglaj (Kolhapur),Lateritic / Alluvial Transition,6.5-8.5,"Generally fertile, low N & P"
Hatkanangle (Kolhapur),Lateritic / Alluvial Transition,6.5-8.5,"Generally fertile, low N & P"
Kagal (Kolhapur),Lateritic / Alluvial Transition,6.5-8.5,"Generally fertile, low N & P"
Karvir (Kolhapur),Lateritic / Alluvial Transition,6.5-8.5,"Generally fertile, low N & P"
Panhala (Kolhapur),Lateritic / Alluvial Transition,6.5-8.5,"Generally fertile, low N & P"
Radhanagari (Kolhapur),Lateritic / Alluvial Transition,6.5-8.5,"Generally fertile, low N & P"
Shahuwadi (Kolhapur),Lateritic / Alluvial Transition,6.5-8.5,"Generally fertile, low N & P"
Shirol (Kolhapur),Lateritic / Alluvial Transition,6.5-8.5,"Generally fertile, low N & P"
Akole (Ahmednagar),Medium to Shallow Black,7.0-8.5,"High lime reserve, Low Nitrogen, Moderate Potassium"
Jamkhed (Ahmednagar),Medium to Shallow Black,7.0-8.5,"High lime reserve, Low Nitrogen, Moderate Potassium"
Karjat (Ahmednagar),Medium to Shallow Black,7.0-8.5,"High lime reserve, Low Nitrogen, Moderate Potassium"
Kopargaon (Ahmednagar),Medium to Shallow Black,7.0-8.5,"High lime reserve, Low Nitrogen, Moderate Potassium"
Nagar (Ahmednagar),Medium to Shallow Black,7.0-8.5,"High lime reserve, Low Nitrogen, Moderate Potassium"
Nevasa (Ahmednagar),Medium to Shallow Black,7.0-8.5,"High lime reserve, Low Nitrogen, Moderate Potassium"
Parner (Ahmednagar),Medium to Shallow Black,7.0-8.5,"High lime reserve, Low Nitrogen, Moderate Potassium"
Pathardi (Ahmednagar),Medium to Shallow Black,7.0-8.5,"High lime reserve, Low Nitrogen, Moderate Potassium"
Rahata (Ahmednagar),Medium to Shallow Black,7.0-8.5,"High lime reserve, Low Nitrogen, Moderate Potassium"
Rahuri (Ahmednagar),Medium to Shallow Black,7.0-8.5,"High lime reserve, Low Nitrogen, Moderate Potassium"
Sangamner (Ahmednagar),Medium to Shallow Black,7.0-8.5,"High lime reserve, Low Nitrogen, Moderate Potassium"
Shevgaon (Ahmednagar),Medium to Shallow Black,7.0-8.5,"High lime reserve, Low Nitrogen, Moderate Potassium"
Shrigonda (Ahmednagar),Medium to Shallow Black,7.0-8.5,"High lime reserve, Low Nitrogen, Moderate Potassium"
Shrirampur (Ahmednagar),Medium to Shallow Black,7.0-8.5,"High lime reserve, Low Nitrogen, Moderate Potassium"
Dhule (Dhule),Medium Black,6.5-8.5,"Generally fertile, low N & P"
Sakri (Dhule),Medium Black,6.5-8.5,"Generally fertile, low N & P"
Shirpur (Dhule),Medium Black,6.5-8.5,"Generally fertile, low N & P"
Sindkheda (Dhule),Medium Black,6.5-8.5,"Generally fertile, low N & P"
Amalner (Jalgaon),Deep Black Cotton Soil,7.5-8.5,"High Calcium Carbonates, Rich in Potassium, Deficient in Zinc & N"
Bhadgaon (Jalgaon),Deep Black Cotton Soil,7.5-8.5,"High Calcium Carbonates, Rich in Potassium, Deficient in Zinc & N"
Bhusawal (Jalgaon),Deep Black Cotton Soil,7.5-8.5,"High Calcium Carbonates, Rich in Potassium, Deficient in Zinc & N"
Bodwad (Jalgaon),Deep Black Cotton Soil,7.5-8.5,"High Calcium Carbonates, Rich in Potassium, Deficient in Zinc & N"
Chalisgaon (Jalgaon),Deep Black Cotton Soil,7.5-8.5,"High Calcium Carbonates, Rich in Potassium, Deficient in Zinc & N"
Chopda (Jalgaon),Deep Black Cotton Soil,7.5-8.5,"High Calcium Carbonates, Rich in Potassium, Deficient in Zinc & N"
Dharangaon (Jalgaon),Deep Black Cotton Soil,7.5-8.5,"High Calcium Carbonates, Rich in Potassium, Deficient in Zinc & N"
Erandol (Jalgaon),Deep Black Cotton Soil,7.5-8.5,"High Calcium Carbonates, Rich in Potassium, Deficient in Zinc & N"
Jalgaon (Jalgaon),Deep Black Cotton Soil,7.5-8.5,"High Calcium Carbonates, Rich in Potassium, Deficient in Zinc & N"
Jamner (Jalgaon),Deep Black Cotton Soil,7.5-8.5,"High Calcium Carbonates, Rich in Potassium, Deficient in Zinc & N"
Muktainagar (Jalgaon),Deep Black Cotton Soil,7.5-8.5,"High Calcium Carbonates, Rich in Potassium, Deficient in Zinc & N"
Pachora (Jalgaon),Deep Black Cotton Soil,7.5-8.5,"High Calcium Carbonates, Rich in Potassium, Deficient in Zinc & N"
Parola (Jalgaon),Deep Black Cotton Soil,7.5-8.5,"High Calcium Carbonates, Rich in Potassium, Deficient in Zinc & N"
Raver (Jalgaon),Deep Black Cotton Soil,7.5-8.5,"High Calcium Carbonates, Rich in Potassium, Deficient in Zinc & N"
Yawal (Jalgaon),Deep Black Cotton Soil,7.5-8.5,"High Calcium Carbonates, Rich in Potassium, Deficient in Zinc & N"
Akkalkuwa (Nandurbar),Light to Medium Black / Hill Soil,6.5-8.5,"Generally fertile, low N & P"
Akrani (Nandurbar),Light to Medium Black / Hill Soil,6.5-8.5,"Generally fertile, low N & P"
Nandurbar (Nandurbar),Light to Medium Black / Hill Soil,6.5-8.5,"Generally fertile, low N & P"
Navapur (Nandurbar),Light to Medium Black / Hill Soil,6.5-8.5,"Generally fertile, low N & P"
Shahada (Nandurbar),Light to Medium Black / Hill Soil,6.5-8.5,"Generally fertile, low N & P"
Talode (Nandurbar),Light to Medium Black / Hill Soil,6.5-8.5,"Generally fertile, low N & P"
Aurangabad (Chhatrapati Sambhajinagar),Medium Black,6.5-8.5,"Generally fertile, low N & P"
Gangapur (Chhatrapati Sambhajinagar),Medium Black,6.5-8.5,"Generally fertile, low N & P"
Kannad (Chhatrapati Sambhajinagar),Medium Black,6.5-8.5,"Generally fertile, low N & P"
Khuldabad (Chhatrapati Sambhajinagar),Medium Black,6.5-8.5,"Generally fertile, low N & P"
Paithan (Chhatrapati Sambhajinagar),Medium Black,6.5-8.5,"Generally fertile, low N & P"
Phulambri (Chhatrapati Sambhajinagar),Medium Black,6.5-8.5,"Generally fertile, low N & P"
Sillod (Chhatrapati Sambhajinagar),Medium Black,6.5-8.5,"Generally fertile, low N & P"
Soygaon (Chhatrapati Sambhajinagar),Medium Black,6.5-8.5,"Generally fertile, low N & P"
Vaijapur (Chhatrapati Sambhajinagar),Medium Black,6.5-8.5,"Generally fertile, low N & P"
Ambad (Jalna),Medium to Deep Black,7.5-8.5,"High Calcium Carbonates, Rich in Potassium, Deficient in Zinc & N"
Badnapur (Jalna),Medium to Deep Black,7.5-8.5,"High Calcium Carbonates, Rich in Potassium, Deficient in Zinc & N"
Bhokardan (Jalna),Medium to Deep Black,7.5-8.5,"High Calcium Carbonates, Rich in Potassium, Deficient in Zinc & N"
Ghansawangi (Jalna),Medium to Deep Black,7.5-8.5,"High Calcium Carbonates, Rich in Potassium, Deficient in Zinc & N"
Jafferabad (Jalna),Medium to Deep Black,7.5-8.5,"High Calcium Carbonates, Rich in Potassium, Deficient in Zinc & N"
Jalna (Jalna),Medium to Deep Black,7.5-8.5,"High Calcium Carbonates, Rich in Potassium, Deficient in Zinc & N"
Mantha (Jalna),Medium to Deep Black,7.5-8.5,"High Calcium Carbonates, Rich in Potassium, Deficient in Zinc & N"
Partur (Jalna),Medium to Deep Black,7.5-8.5,"High Calcium Carbonates, Rich in Potassium, Deficient in Zinc & N"
Ambajogai (Beed),Shallow to Medium Black,7.0-8.5,"High lime reserve, Low Nitrogen, Moderate Potassium"
Ashti (Beed),Shallow to Medium Black,7.0-8.5,"High lime reserve, Low Nitrogen, Moderate Potassium"
Beed (Beed),Shallow to Medium Black,7.0-8.5,"High lime reserve, Low Nitrogen, Moderate Potassium"
Dharur (Beed),Shallow to Medium Black,7.0-8.5,"High lime reserve, Low Nitrogen, Moderate Potassium"
Georai (Beed),Shallow to Medium Black,7.0-8.5,"High lime reserve, Low Nitrogen, Moderate Potassium"
Kaj (Beed),Shallow to Medium Black,7.0-8.5,"High lime reserve, Low Nitrogen, Moderate Potassium"
Majalgaon (Beed),Shallow to Medium Black,7.0-8.5,"High lime reserve, Low Nitrogen, Moderate Potassium"
Parli (Beed),Shallow to Medium Black,7.0-8.5,"High lime reserve, Low Nitrogen, Moderate Potassium"
Patoda (Beed),Shallow to Medium Black,7.0-8.5,"High lime reserve, Low Nitrogen, Moderate Potassium"
Shirur (Beed),Shallow to Medium Black,7.0-8.5,"High lime reserve, Low Nitrogen, Moderate Potassium"
Wadwani (Beed),Shallow to Medium Black,7.0-8.5,"High lime reserve, Low Nitrogen, Moderate Potassium"
Bhoom (Dharashiv),Medium Black,6.5-8.5,"Generally fertile, low N & P"
Kalamb (Dharashiv),Medium Black,6.5-8.5,"Generally fertile, low N & P"
Lohara (Dharashiv),Medium Black,6.5-8.5,"Generally fertile, low N & P"
Omerga (Dharashiv),Medium Black,6.5-8.5,"Generally fertile, low N & P"
Osmanabad (Dharashiv),Medium Black,6.5-8.5,"Generally fertile, low N & P"
Paranda (Dharashiv),Medium Black,6.5-8.5,"Generally fertile, low N & P"
Tuljapur (Dharashiv),Medium Black,6.5-8.5,"Generally fertile, low N & P"
Washi (Dharashiv),Medium Black,6.5-8.5,"Generally fertile, low N & P"
Ardhapur (Nanded),Deep Black Cotton Soil,7.5-8.5,"High Calcium Carbonates, Rich in Potassium, Deficient in Zinc & N"
Bhokar (Nanded),Deep Black Cotton Soil,7.5-8.5,"High Calcium Carbonates, Rich in Potassium, Deficient in Zinc & N"
Biloli (Nanded),Deep Black Cotton Soil,7.5-8.5,"High Calcium Carbonates, Rich in Potassium, Deficient in Zinc & N"
Deglur (Nanded),Deep Black Cotton Soil,7.5-8.5,"High Calcium Carbonates, Rich in Potassium, Deficient in Zinc & N"
Dharmabad (Nanded),Deep Black Cotton Soil,7.5-8.5,"High Calcium Carbonates, Rich in Potassium, Deficient in Zinc & N"
Hadgaon (Nanded),Deep Black Cotton Soil,7.5-8.5,"High Calcium Carbonates, Rich in Potassium, Deficient in Zinc & N"
Himayatnagar (Nanded),Deep Black Cotton Soil,7.5-8.5,"High Calcium Carbonates, Rich in Potassium, Deficient in Zinc & N"
Kandhar (Nanded),Deep Black Cotton Soil,7.5-8.5,"High Calcium Carbonates, Rich in Potassium, Deficient in Zinc & N"
Kinwat (Nanded),Deep Black Cotton Soil,7.5-8.5,"High Calcium Carbonates, Rich in Potassium, Deficient in Zinc & N"
Loha (Nanded),Deep Black Cotton Soil,7.5-8.5,"High Calcium Carbonates, Rich in Potassium, Deficient in Zinc & N"
Mahur (Nanded),Deep Black Cotton Soil,7.5-8.5,"High Calcium Carbonates, Rich in Potassium, Deficient in Zinc & N"
Mudkhed (Nanded),Deep Black Cotton Soil,7.5-8.5,"High Calcium Carbonates, Rich in Potassium, Deficient in Zinc & N"
Mukhed (Nanded),Deep Black Cotton Soil,7.5-8.5,"High Calcium Carbonates, Rich in Potassium, Deficient in Zinc & N"
Nanded (Nanded),Deep Black Cotton Soil,7.5-8.5,"High Calcium Carbonates, Rich in Potassium, Deficient in Zinc & N"
Naigaon (Nanded),Deep Black Cotton Soil,7.5-8.5,"High Calcium Carbonates, Rich in Potassium, Deficient in Zinc & N"
Umri (Nanded),Deep Black Cotton Soil,7.5-8.5,"High Calcium Carbonates, Rich in Potassium, Deficient in Zinc & N"
Ahmadpur (Latur),Medium to Deep Black,7.5-8.5,"High Calcium Carbonates, Rich in Potassium, Deficient in Zinc & N"
Ausa (Latur),Medium to Deep Black,7.5-8.5,"High Calcium Carbonates, Rich in Potassium, Deficient in Zinc & N"
Chakur (Latur),Medium to Deep Black,7.5-8.5,"High Calcium Carbonates, Rich in Potassium, Deficient in Zinc & N"
Deoni (Latur),Medium to Deep Black,7.5-8.5,"High Calcium Carbonates, Rich in Potassium, Deficient in Zinc & N"
Jalkot (Latur),Medium to Deep Black,7.5-8.5,"High Calcium Carbonates, Rich in Potassium, Deficient in Zinc & N"
Latur (Latur),Medium to Deep Black,7.5-8.5,"High Calcium Carbonates, Rich in Potassium, Deficient in Zinc & N"
Nilanga (Latur),Medium to Deep Black,7.5-8.5,"High Calcium Carbonates, Rich in Potassium, Deficient in Zinc & N"
Renapur (Latur),Medium to Deep Black,7.5-8.5,"High Calcium Carbonates, Rich in Potassium, Deficient in Zinc & N"
Shirur Anantpal (Latur),Medium to Deep Black,7.5-8.5,"High Calcium Carbonates, Rich in Potassium, Deficient in Zinc & N"
Udgir (Latur),Medium to Deep Black,7.5-8.5,"High Calcium Carbonates, Rich in Potassium, Deficient in Zinc & N"
Gangakhed (Parbhani),Deep Black Cotton Soil,7.5-8.5,"High Calcium Carbonates, Rich in Potassium, Deficient in Zinc & N"
Jintur (Parbhani),Deep Black Cotton Soil,7.5-8.5,"High Calcium Carbonates, Rich in Potassium, Deficient in Zinc & N"
Manwath (Parbhani),Deep Black Cotton Soil,7.5-8.5,"High Calcium Carbonates, Rich in Potassium, Deficient in Zinc & N"
Palam (Parbhani),Deep Black Cotton Soil,7.5-8.5,"High Calcium Carbonates, Rich in Potassium, Deficient in Zinc & N"
Parbhani (Parbhani),Deep Black Cotton Soil,7.5-8.5,"High Calcium Carbonates, Rich in Potassium, Deficient in Zinc & N"
Pathri (Parbhani),Deep Black Cotton Soil,7.5-8.5,"High Calcium Carbonates, Rich in Potassium, Deficient in Zinc & N"
Purna (Parbhani),Deep Black Cotton Soil,7.5-8.5,"High Calcium Carbonates, Rich in Potassium, Deficient in Zinc & N"
Sailu (Parbhani),Deep Black Cotton Soil,7.5-8.5,"High Calcium Carbonates, Rich in Potassium, Deficient in Zinc & N"
Sonpeth (Parbhani),Deep Black Cotton Soil,7.5-8.5,"High Calcium Carbonates, Rich in Potassium, Deficient in Zinc & N"
Aundha Nagnath (Hingoli),Medium Black,6.5-8.5,"Generally fertile, low N & P"
Basmath (Hingoli),Medium Black,6.5-8.5,"Generally fertile, low N & P"
Hingoli (Hingoli),Medium Black,6.5-8.5,"Generally fertile, low N & P"
Kalamnuri (Hingoli),Medium Black,6.5-8.5,"Generally fertile, low N & P"
Sengaon (Hingoli),Medium Black,6.5-8.5,"Generally fertile, low N & P"
Achalpur (Amravati),Deep Black Cotton Soil,7.5-8.5,"High Calcium Carbonates, Rich in Potassium, Deficient in Zinc & N"
Amravati (Amravati),Deep Black Cotton Soil,7.5-8.5,"High Calcium Carbonates, Rich in Potassium, Deficient in Zinc & N"
Anjangaon (Amravati),Deep Black Cotton Soil,7.5-8.5,"High Calcium Carbonates, Rich in Potassium, Deficient in Zinc & N"
Bhatkuli (Amravati),Deep Black Cotton Soil,7.5-8.5,"High Calcium Carbonates, Rich in Potassium, Deficient in Zinc & N"
Chandur (Amravati),Deep Black Cotton Soil,7.5-8.5,"High Calcium Carbonates, Rich in Potassium, Deficient in Zinc & N"
Chandur Bazar (Amravati),Deep Black Cotton Soil,7.5-8.5,"High Calcium Carbonates, Rich in Potassium, Deficient in Zinc & N"
Chikhaldara (Amravati),Deep Black Cotton Soil,7.5-8.5,"High Calcium Carbonates, Rich in Potassium, Deficient in Zinc & N"
Daryapur (Amravati),Deep Black Cotton Soil,7.5-8.5,"High Calcium Carbonates, Rich in Potassium, Deficient in Zinc & N"
Dhamangaon (Amravati),Deep Black Cotton Soil,7.5-8.5,"High Calcium Carbonates, Rich in Potassium, Deficient in Zinc & N"
Dharni (Amravati),Deep Black Cotton Soil,7.5-8.5,"High Calcium Carbonates, Rich in Potassium, Deficient in Zinc & N"
Morshi (Amravati),Deep Black Cotton Soil,7.5-8.5,"High Calcium Carbonates, Rich in Potassium, Deficient in Zinc & N"
Nandgaon Khandeshwar (Amravati),Deep Black Cotton Soil,7.5-8.5,"High Calcium Carbonates, Rich in Potassium, Deficient in Zinc & N"
Teosa (Amravati),Deep Black Cotton Soil,7.5-8.5,"High Calcium Carbonates, Rich in Potassium, Deficient in Zinc & N"
Warud (Amravati),Deep Black Cotton Soil,7.5-8.5,"High Calcium Carbonates, Rich in Potassium, Deficient in Zinc & N"
Akola (Akola),Deep Black Cotton Soil,7.5-8.5,"High Calcium Carbonates, Rich in Potassium, Deficient in Zinc & N"
Akot (Akola),Deep Black Cotton Soil,7.5-8.5,"High Calcium Carbonates, Rich in Potassium, Deficient in Zinc & N"
Balapur (Akola),Deep Black Cotton Soil,7.5-8.5,"High Calcium Carbonates, Rich in Potassium, Deficient in Zinc & N"
Barshitakli (Akola),Deep Black Cotton Soil,7.5-8.5,"High Calcium Carbonates, Rich in Potassium, Deficient in Zinc & N"
Murtijapur (Akola),Deep Black Cotton Soil,7.5-8.5,"High Calcium Carbonates, Rich in Potassium, Deficient in Zinc & N"
Patur (Akola),Deep Black Cotton Soil,7.5-8.5,"High Calcium Carbonates, Rich in Potassium, Deficient in Zinc & N"
Telhara (Akola),Deep Black Cotton Soil,7.5-8.5,"High Calcium Carbonates, Rich in Potassium, Deficient in Zinc & N"
Buldhana (Buldhana),Medium to Deep Black,7.5-8.5,"High Calcium Carbonates, Rich in Potassium, Deficient in Zinc & N"
Chikhli (Buldhana),Medium to Deep Black,7.5-8.5,"High Calcium Carbonates, Rich in Potassium, Deficient in Zinc & N"
Deulgaon Raja (Buldhana),Medium to Deep Black,7.5-8.5,"High Calcium Carbonates, Rich in Potassium, Deficient in Zinc & N"
Jalgaon Jamod (Buldhana),Medium to Deep Black,7.5-8.5,"High Calcium Carbonates, Rich in Potassium, Deficient in Zinc & N"
Khamgaon (Buldhana),Medium to Deep Black,7.5-8.5,"High Calcium Carbonates, Rich in Potassium, Deficient in Zinc & N"
Lonar (Buldhana),Medium to Deep Black,7.5-8.5,"High Calcium Carbonates, Rich in Potassium, Deficient in Zinc & N"
Malkapur (Buldhana),Medium to Deep Black,7.5-8.5,"High Calcium Carbonates, Rich in Potassium, Deficient in Zinc & N"
Mehkar (Buldhana),Medium to Deep Black,7.5-8.5,"High Calcium Carbonates, Rich in Potassium, Deficient in Zinc & N"
Motala (Buldhana),Medium to Deep Black,7.5-8.5,"High Calcium Carbonates, Rich in Potassium, Deficient in Zinc & N"
Nandura (Buldhana),Medium to Deep Black,7.5-8.5,"High Calcium Carbonates, Rich in Potassium, Deficient in Zinc & N"
Sangrampur (Buldhana),Medium to Deep Black,7.5-8.5,"High Calcium Carbonates, Rich in Potassium, Deficient in Zinc & N"
Shegaon (Buldhana),Medium to Deep Black,7.5-8.5,"High Calcium Carbonates, Rich in Potassium, Deficient in Zinc & N"
Sindkhed Raja (Buldhana),Medium to Deep Black,7.5-8.5,"High Calcium Carbonates, Rich in Potassium, Deficient in Zinc & N"
Karanja (Washim),Medium Black,6.5-8.5,"Generally fertile, low N & P"
Malegaon (Washim),Medium Black,6.5-8.5,"Generally fertile, low N & P"
Mangrulpir (Washim),Medium Black,6.5-8.5,"Generally fertile, low N & P"
Manora (Washim),Medium Black,6.5-8.5,"Generally fertile, low N & P"
Risod (Washim),Medium Black,6.5-8.5,"Generally fertile, low N & P"
Washim (Washim),Medium Black,6.5-8.5,"Generally fertile, low N & P"
Arni (Yavatmal),Medium Black / Calcareous,7.0-8.5,"High lime reserve, Low Nitrogen, Moderate Potassium"
Babulgaon (Yavatmal),Medium Black / Calcareous,7.0-8.5,"High lime reserve, Low Nitrogen, Moderate Potassium"
Darwha (Yavatmal),Medium Black / Calcareous,7.0-8.5,"High lime reserve, Low Nitrogen, Moderate Potassium"
Digras (Yavatmal),Medium Black / Calcareous,7.0-8.5,"High lime reserve, Low Nitrogen, Moderate Potassium"
Ghatanji (Yavatmal),Medium Black / Calcareous,7.0-8.5,"High lime reserve, Low Nitrogen, Moderate Potassium"
Kalamb (Yavatmal),Medium Black / Calcareous,7.0-8.5,"High lime reserve, Low Nitrogen, Moderate Potassium"
Kelapur (Yavatmal),Medium Black / Calcareous,7.0-8.5,"High lime reserve, Low Nitrogen, Moderate Potassium"
Mahagaon (Yavatmal),Medium Black / Calcareous,7.0-8.5,"High lime reserve, Low Nitrogen, Moderate Potassium"
Maregaon (Yavatmal),Medium Black / Calcareous,7.0-8.5,"High lime reserve, Low Nitrogen, Moderate Potassium"
Mukutban (Yavatmal),Medium Black / Calcareous,7.0-8.5,"High lime reserve, Low Nitrogen, Moderate Potassium"
Ner (Yavatmal),Medium Black / Calcareous,7.0-8.5,"High lime reserve, Low Nitrogen, Moderate Potassium"
Pusad (Yavatmal),Medium Black / Calcareous,7.0-8.5,"High lime reserve, Low Nitrogen, Moderate Potassium"
Ralegaon (Yavatmal),Medium Black / Calcareous,7.0-8.5,"High lime reserve, Low Nitrogen, Moderate Potassium"
Umarkhed (Yavatmal),Medium Black / Calcareous,7.0-8.5,"High lime reserve, Low Nitrogen, Moderate Potassium"
Wani (Yavatmal),Medium Black / Calcareous,7.0-8.5,"High lime reserve, Low Nitrogen, Moderate Potassium"
Yavatmal (Yavatmal),Medium Black / Calcareous,7.0-8.5,"High lime reserve, Low Nitrogen, Moderate Potassium"
Zari Jamani (Yavatmal),Medium Black / Calcareous,7.0-8.5,"High lime reserve, Low Nitrogen, Moderate Potassium"
Bhiwapur (Nagpur),Deep Black / Clay Loam,7.5-8.5,"High Calcium Carbonates, Rich in Potassium, Deficient in Zinc & N"
Hingna (Nagpur),Deep Black / Clay Loam,7.5-8.5,"High Calcium Carbonates, Rich in Potassium, Deficient in Zinc & N"
Kalameshwar (Nagpur),Deep Black / Clay Loam,7.5-8.5,"High Calcium Carbonates, Rich in Potassium, Deficient in Zinc & N"
Kamptee (Nagpur),Deep Black / Clay Loam,7.5-8.5,"High Calcium Carbonates, Rich in Potassium, Deficient in Zinc & N"
Katol (Nagpur),Deep Black / Clay Loam,7.5-8.5,"High Calcium Carbonates, Rich in Potassium, Deficient in Zinc & N"
Kuhi (Nagpur),Deep Black / Clay Loam,7.5-8.5,"High Calcium Carbonates, Rich in Potassium, Deficient in Zinc & N"
Mauda (Nagpur),Deep Black / Clay Loam,7.5-8.5,"High Calcium Carbonates, Rich in Potassium, Deficient in Zinc & N"
Nagpur (Nagpur),Deep Black / Clay Loam,7.5-8.5,"High Calcium Carbonates, Rich in Potassium, Deficient in Zinc & N"
Narkhed (Nagpur),Deep Black / Clay Loam,7.5-8.5,"High Calcium Carbonates, Rich in Potassium, Deficient in Zinc & N"
Parseoni (Nagpur),Deep Black / Clay Loam,7.5-8.5,"High Calcium Carbonates, Rich in Potassium, Deficient in Zinc & N"
Ramtek (Nagpur),Deep Black / Clay Loam,7.5-8.5,"High Calcium Carbonates, Rich in Potassium, Deficient in Zinc & N"
Savner (Nagpur),Deep Black / Clay Loam,7.5-8.5,"High Calcium Carbonates, Rich in Potassium, Deficient in Zinc & N"
Umred (Nagpur),Deep Black / Clay Loam,7.5-8.5,"High Calcium Carbonates, Rich in Potassium, Deficient in Zinc & N"
Arvi (Wardha),Deep Black Cotton Soil,7.5-8.5,"High Calcium Carbonates, Rich in Potassium, Deficient in Zinc & N"
Ashti (Wardha),Deep Black Cotton Soil,7.5-8.5,"High Calcium Carbonates, Rich in Potassium, Deficient in Zinc & N"
Deoli (Wardha),Deep Black Cotton Soil,7.5-8.5,"High Calcium Carbonates, Rich in Potassium, Deficient in Zinc & N"
Hinganghat (Wardha),Deep Black Cotton Soil,7.5-8.5,"High Calcium Carbonates, Rich in Potassium, Deficient in Zinc & N"
Karanja (Wardha),Deep Black Cotton Soil,7.5-8.5,"High Calcium Carbonates, Rich in Potassium, Deficient in Zinc & N"
Samudrapur (Wardha),Deep Black Cotton Soil,7.5-8.5,"High Calcium Carbonates, Rich in Potassium, Deficient in Zinc & N"
Seloo (Wardha),Deep Black Cotton Soil,7.5-8.5,"High Calcium Carbonates, Rich in Potassium, Deficient in Zinc & N"
Wardha (Wardha),Deep Black Cotton Soil,7.5-8.5,"High Calcium Carbonates, Rich in Potassium, Deficient in Zinc & N"
Bhandara (Bhandara),Yellowish-Brown / Silty Loam,6.5-8.5,"Generally fertile, low N & P"
Jamb (Bhandara),Yellowish-Brown / Silty Loam,6.5-8.5,"Generally fertile, low N & P"
Lakhani (Bhandara),Yellowish-Brown / Silty Loam,6.5-8.5,"Generally fertile, low N & P"
Mohadi (Bhandara),Yellowish-Brown / Silty Loam,6.5-8.5,"Generally fertile, low N & P"
Pauni (Bhandara),Yellowish-Brown / Silty Loam,6.5-8.5,"Generally fertile, low N & P"
Sakoli (Bhandara),Yellowish-Brown / Silty Loam,6.5-8.5,"Generally fertile, low N & P"
Tumsar (Bhandara),Yellowish-Brown / Silty Loam,6.5-8.5,"Generally fertile, low N & P"
Amgaon (Gondia),Red Sandy / Lateritic,6.5-8.5,"Generally fertile, low N & P"
Arjuni Morgaon (Gondia),Red Sandy / Lateritic,6.5-8.5,"Generally fertile, low N & P"
Deori (Gondia),Red Sandy / Lateritic,6.5-8.5,"Generally fertile, low N & P"
Gondia (Gondia),Red Sandy / Lateritic,6.5-8.5,"Generally fertile, low N & P"
Goregaon (Gondia),Red Sandy / Lateritic,6.5-8.5,"Generally fertile, low N & P"
Sadak Arjuni (Gondia),Red Sandy / Lateritic,6.5-8.5,"Generally fertile, low N & P"
Salekasa (Gondia),Red Sandy / Lateritic,6.5-8.5,"Generally fertile, low N & P"
Tiroda (Gondia),Red Sandy / Lateritic,6.5-8.5,"Generally fertile, low N & P"
Ballarpur (Chandrapur),Mixed Red and Black,6.5-8.5,"Generally fertile, low N & P"
Bhadravati (Chandrapur),Mixed Red and Black,6.5-8.5,"Generally fertile, low N & P"
Bramhapuri (Chandrapur),Mixed Red and Black,6.5-8.5,"Generally fertile, low N & P"
Chandrapur (Chandrapur),Mixed Red and Black,6.5-8.5,"Generally fertile, low N & P"
Chimur (Chandrapur),Mixed Red and Black,6.5-8.5,"Generally fertile, low N & P"
Gondpipri (Chandrapur),Mixed Red and Black,6.5-8.5,"Generally fertile, low N & P"
Jivati (Chandrapur),Mixed Red and Black,6.5-8.5,"Generally fertile, low N & P"
Korpana (Chandrapur),Mixed Red and Black,6.5-8.5,"Generally fertile, low N & P"
Mul (Chandrapur),Mixed Red and Black,6.5-8.5,"Generally fertile, low N & P"
Nagbhid (Chandrapur),Mixed Red and Black,6.5-8.5,"Generally fertile, low N & P"
Pombhurna (Chandrapur),Mixed Red and Black,6.5-8.5,"Generally fertile, low N & P"
Rajura (Chandrapur),Mixed Red and Black,6.5-8.5,"Generally fertile, low N & P"
Sawali (Chandrapur),Mixed Red and Black,6.5-8.5,"Generally fertile, low N & P"
Sindewahi (Chandrapur),Mixed Red and Black,6.5-8.5,"Generally fertile, low N & P"
Warora (Chandrapur),Mixed Red and Black,6.5-8.5,"Generally fertile, low N & P"
Aheri (Gadchiroli),Red Sandy / Lateritic Loam,6.5-8.5,"Generally fertile, low N & P"
Armori (Gadchiroli),Red Sandy / Lateritic Loam,6.5-8.5,"Generally fertile, low N & P"
Bhamragad (Gadchiroli),Red Sandy / Lateritic Loam,6.5-8.5,"Generally fertile, low N & P"
Chamorshi (Gadchiroli),Red Sandy / Lateritic Loam,6.5-8.5,"Generally fertile, low N & P"
Desaiganj (Gadchiroli),Red Sandy / Lateritic Loam,6.5-8.5,"Generally fertile, low N & P"
Dhanora (Gadchiroli),Red Sandy / Lateritic Loam,6.5-8.5,"Generally fertile, low N & P"
Etapalli (Gadchiroli),Red Sandy / Lateritic Loam,6.5-8.5,"Generally fertile, low N & P"
Gadchiroli (Gadchiroli),Red Sandy / Lateritic Loam,6.5-8.5,"Generally fertile, low N & P"
Korchi (Gadchiroli),Red Sandy / Lateritic Loam,6.5-8.5,"Generally fertile, low N & P"
Kurkheda (Gadchiroli),Red Sandy / Lateritic Loam,6.5-8.5,"Generally fertile, low N & P"
Mulchera (Gadchiroli),Red Sandy / Lateritic Loam,6.5-8.5,"Generally fertile, low N & P"
Sironcha (Gadchiroli),Red Sandy / Lateritic Loam,6.5-8.5,"Generally fertile, low N & P"
